customer,To-Do - ID Creation,UsernameOne,PasswordOne,TestOneOne@gmail.com,<1234 Main Street><Paris><Texas><44556>,<1234 Main Street><Paris><Texas><44556>
customer,To-Do - ID Creation,UsernameTwo,PasswordTwo,coolguy123@gmail.com,<1234 Main Street><Paris><Texas><44556>,<1234 Main Street><Paris><Texas><44556>
customer,To-Do - ID Creation,UsernameThree,PasswordThree,asdff,<asdf><fdf><Alaska><adfa>,<asdf><fdf><Alaska><adfa>
customer,To-Do - ID Creation,UsernameFour,PasswordFour,afafds,<fdsfe4><feadgg><Arkansas><feafesdf>,<fdsfe4><feadgg><Arkansas><feafesdf>
customer,To-Do - ID Creation,UsernameFive,PasswordFive,RP1@gmail.com,<234923>< Birmingham><Alabama><35216>,<234923>< Birmingham><Alabama><35216>
customer,To-Do - ID Creation,UsernameSix,PasswordSix,jemyers@uab.edu,<3011 Massey Road APT F><Vestavia Hills><Alabama><35216>,<6701 Dickens Ferry Road><Mobile><Alabama><36608>
employee,To-Do - ID Creation,UsernameSeven,PasswordSeven,asdf,<gggsd><dfs><Arizona><fefe>,<gggsd><dfs><Arizona><fefe>
