<?xml version="1.0" encoding="UTF-8"?>
<project-private xmlns="http://www.netbeans.org/ns/project-private/1">
    <editor-bookmarks xmlns="http://www.netbeans.org/ns/editor-bookmarks/2" lastBookmarkId="0"/>
    <open-files xmlns="http://www.netbeans.org/ns/projectui-open-files/2">
        <group>
            <file>file:/Users/adamingah/NetBeansProjects/P5/src/GUI/WelcomeFrame.java</file>
            <file>file:/Users/adamingah/NetBeansProjects/P5/src/GUI/WelcomePanel.java</file>
            <file>file:/Users/adamingah/NetBeansProjects/P5/src/GUI/AddressInfoPanel.java</file>
            <file>file:/Users/adamingah/NetBeansProjects/P5/src/GUI/AccountPanel.java</file>
        </group>
    </open-files>
</project-private>
