<?xml version="1.0" encoding="UTF-8"?>
<project-private xmlns="http://www.netbeans.org/ns/project-private/1">
    <editor-bookmarks xmlns="http://www.netbeans.org/ns/editor-bookmarks/2" lastBookmarkId="0"/>
    <open-files xmlns="http://www.netbeans.org/ns/projectui-open-files/2">
        <group>
            <file>file:/S:/23-24/EE333/FinalProject/src/GUI/basePanel.java</file>
            <file>file:/S:/23-24/EE333/FinalProject/src/UMS/AddressInfo.java</file>
            <file>file:/S:/23-24/EE333/FinalProject/src/OMS/Manager.java</file>
            <file>file:/S:/23-24/EE333/FinalProject/src/GUI/AddressInfoPanel.java</file>
            <file>file:/S:/23-24/EE333/FinalProject/src/GUI/ProductInfoPanel.java</file>
            <file>file:/S:/23-24/EE333/FinalProject/src/UMS/UserInfo.java</file>
            <file>file:/S:/23-24/EE333/FinalProject/src/GUI/WelcomePanel.java</file>
            <file>file:/S:/23-24/EE333/FinalProject/src/GUI/MainFrame.java</file>
            <file>file:/S:/23-24/EE333/FinalProject/src/GUI/NavigatorPanel.java</file>
            <file>file:/S:/23-24/EE333/FinalProject/src/OMS/OrderInfo.java</file>
            <file>file:/S:/23-24/EE333/FinalProject/src/GUI/ShoppingCartItemPanel.java</file>
            <file>file:/S:/23-24/EE333/FinalProject/src/GUI/UserInfoCreationFrame.java</file>
            <file>file:/S:/23-24/EE333/FinalProject/src/GUI/WelcomeFrame.java</file>
            <file>file:/S:/23-24/EE333/FinalProject/src/PMS/ProductInfo.java</file>
            <file>file:/S:/23-24/EE333/FinalProject/src/GUI/ShoppingCartPanel.java</file>
            <file>file:/S:/23-24/EE333/FinalProject/src/GUI/SearchedProductsPanel.java</file>
            <file>file:/S:/23-24/EE333/FinalProject/src/OMS/FileIO.java</file>
            <file>file:/S:/23-24/EE333/FinalProject/src/GUI/UserInfoPanel.java</file>
            <file>file:/S:/23-24/EE333/FinalProject/src/GUI/AccountPanel.java</file>
            <file>file:/S:/23-24/EE333/FinalProject/src/PMS/ProductSearch.java</file>
            <file>file:/S:/23-24/EE333/FinalProject/src/UMS/UserSearch.java</file>
            <file>file:/S:/23-24/EE333/FinalProject/src/GUI/BrowseItemsPanel.java</file>
        </group>
    </open-files>
</project-private>
